{
  "hash": "f290dd6a",
  "configHash": "b34619d8",
  "lockfileHash": "0bd9015b",
  "browserHash": "a917d642",
  "optimized": {
    "@angular/common": {
      "src": "../../../../../../node_modules/.pnpm/@angular+common@19.2.5_@ang_ffe4079c190668fadb77fdf31d3b1f70/node_modules/@angular/common/fesm2022/common.mjs",
      "file": "@angular_common.js",
      "fileHash": "9d59e02c",
      "needsInterop": false
    },
    "@angular/common/http": {
      "src": "../../../../../../node_modules/.pnpm/@angular+common@19.2.5_@ang_ffe4079c190668fadb77fdf31d3b1f70/node_modules/@angular/common/fesm2022/http.mjs",
      "file": "@angular_common_http.js",
      "fileHash": "878514ea",
      "needsInterop": false
    },
    "@angular/core": {
      "src": "../../../../../../node_modules/.pnpm/@angular+core@19.2.5_rxjs@7.8.2_zone.js@0.15.0/node_modules/@angular/core/fesm2022/core.mjs",
      "file": "@angular_core.js",
      "fileHash": "411ff6af",
      "needsInterop": false
    },
    "@angular/forms": {
      "src": "../../../../../../node_modules/.pnpm/@angular+forms@19.2.5_@angu_32444b2191b9d277b81723d4ceadfdda/node_modules/@angular/forms/fesm2022/forms.mjs",
      "file": "@angular_forms.js",
      "fileHash": "fe8d7a7a",
      "needsInterop": false
    },
    "@angular/platform-browser": {
      "src": "../../../../../../node_modules/.pnpm/@angular+platform-browser@1_45e82bb3928ce618ca6a09ea27095d7f/node_modules/@angular/platform-browser/fesm2022/platform-browser.mjs",
      "file": "@angular_platform-browser.js",
      "fileHash": "ad9439b7",
      "needsInterop": false
    },
    "@angular/router": {
      "src": "../../../../../../node_modules/.pnpm/@angular+router@19.2.5_@ang_27c19706090b937afdd5da9bc0565ee2/node_modules/@angular/router/fesm2022/router.mjs",
      "file": "@angular_router.js",
      "fileHash": "0a39bd15",
      "needsInterop": false
    },
    "rxjs": {
      "src": "../../../../../../node_modules/.pnpm/rxjs@7.8.2/node_modules/rxjs/dist/esm5/index.js",
      "file": "rxjs.js",
      "fileHash": "b8cc380a",
      "needsInterop": false
    }
  },
  "chunks": {
    "chunk-ZUDBY6CP": {
      "file": "chunk-ZUDBY6CP.js"
    },
    "chunk-VRZA4J3W": {
      "file": "chunk-VRZA4J3W.js"
    },
    "chunk-T7JWVEJR": {
      "file": "chunk-T7JWVEJR.js"
    },
    "chunk-EPIYXXAU": {
      "file": "chunk-EPIYXXAU.js"
    },
    "chunk-RA4QFVU5": {
      "file": "chunk-RA4QFVU5.js"
    },
    "chunk-Z2AUXGMS": {
      "file": "chunk-Z2AUXGMS.js"
    }
  }
}